{
  "config": {
    "lr": 3e-05,
    "batch_size": 16
  },
  "accuracy": 0.5770114660263062,
  "classification_report": {
    "Negative": {
      "precision": 0.7352941176470589,
      "recall": 0.5172413793103449,
      "f1-score": 0.6072874493927127,
      "support": 290
    },
    "Neutral": {
      "precision": 0.45073375262054505,
      "recall": 0.7413793103448276,
      "f1-score": 0.5606258148631029,
      "support": 290
    },
    "Positive": {
      "precision": 0.7248677248677249,
      "recall": 0.4724137931034483,
      "f1-score": 0.5720250521920668,
      "support": 290
    },
    "accuracy": 0.5770114942528736,
    "macro avg": {
      "precision": 0.6369651983784429,
      "recall": 0.5770114942528736,
      "f1-score": 0.5799794388159608,
      "support": 870
    },
    "weighted avg": {
      "precision": 0.6369651983784429,
      "recall": 0.5770114942528736,
      "f1-score": 0.5799794388159608,
      "support": 870
    }
  },
  "confusion_matrix": [
    [
      150,
      127,
      13
    ],
    [
      36,
      215,
      39
    ],
    [
      18,
      135,
      137
    ]
  ]
}