{
  "config": {
    "lr": 3e-05,
    "batch_size": 32
  },
  "accuracy": 0.722988486289978,
  "classification_report": {
    "Negative": {
      "precision": 0.8508064516129032,
      "recall": 0.7275862068965517,
      "f1-score": 0.7843866171003717,
      "support": 290
    },
    "Neutral": {
      "precision": 0.6486486486486487,
      "recall": 0.7448275862068966,
      "f1-score": 0.6934189406099518,
      "support": 290
    },
    "Positive": {
      "precision": 0.698961937716263,
      "recall": 0.696551724137931,
      "f1-score": 0.6977547495682211,
      "support": 290
    },
    "accuracy": 0.7229885057471265,
    "macro avg": {
      "precision": 0.7328056793259382,
      "recall": 0.7229885057471264,
      "f1-score": 0.7251867690928483,
      "support": 870
    },
    "weighted avg": {
      "precision": 0.7328056793259383,
      "recall": 0.7229885057471265,
      "f1-score": 0.7251867690928483,
      "support": 870
    }
  },
  "confusion_matrix": [
    [
      211,
      46,
      33
    ],
    [
      20,
      216,
      54
    ],
    [
      17,
      71,
      202
    ]
  ]
}