{
  "config": {
    "lr": 3e-05,
    "batch_size": 16
  },
  "accuracy": 0.7413793206214905,
  "classification_report": {
    "Negative": {
      "precision": 0.7047619047619048,
      "recall": 0.7655172413793103,
      "f1-score": 0.7338842975206611,
      "support": 290
    },
    "Neutral": {
      "precision": 0.7275862068965517,
      "recall": 0.7275862068965517,
      "f1-score": 0.7275862068965517,
      "support": 290
    },
    "Positive": {
      "precision": 0.8,
      "recall": 0.7310344827586207,
      "f1-score": 0.763963963963964,
      "support": 290
    },
    "accuracy": 0.7413793103448276,
    "macro avg": {
      "precision": 0.7441160372194856,
      "recall": 0.7413793103448275,
      "f1-score": 0.7418114894603923,
      "support": 870
    },
    "weighted avg": {
      "precision": 0.7441160372194855,
      "recall": 0.7413793103448276,
      "f1-score": 0.7418114894603923,
      "support": 870
    }
  },
  "confusion_matrix": [
    [
      222,
      40,
      28
    ],
    [
      54,
      211,
      25
    ],
    [
      39,
      39,
      212
    ]
  ]
}