{
  "config": {
    "lr": 1e-05,
    "batch_size": 16
  },
  "accuracy": 0.634482741355896,
  "classification_report": {
    "Negative": {
      "precision": 0.7192307692307692,
      "recall": 0.6448275862068965,
      "f1-score": 0.68,
      "support": 290
    },
    "Neutral": {
      "precision": 0.5094339622641509,
      "recall": 0.6517241379310345,
      "f1-score": 0.5718608169440241,
      "support": 290
    },
    "Positive": {
      "precision": 0.7364016736401674,
      "recall": 0.6068965517241379,
      "f1-score": 0.665406427221172,
      "support": 290
    },
    "accuracy": 0.6344827586206897,
    "macro avg": {
      "precision": 0.6550221350450292,
      "recall": 0.6344827586206896,
      "f1-score": 0.6390890813883988,
      "support": 870
    },
    "weighted avg": {
      "precision": 0.6550221350450293,
      "recall": 0.6344827586206897,
      "f1-score": 0.6390890813883988,
      "support": 870
    }
  },
  "confusion_matrix": [
    [
      187,
      86,
      17
    ],
    [
      55,
      189,
      46
    ],
    [
      18,
      96,
      176
    ]
  ]
}