{
  "eval_loss": 0.9052626490592957,
  "eval_accuracy": 0.7180974477958236,
  "eval_precision": 0.7197364180441125,
  "eval_recall": 0.7180974477958236,
  "eval_f1": 0.7162578579524996,
  "eval_runtime": 5.4566,
  "eval_samples_per_second": 157.975,
  "eval_steps_per_second": 4.948,
  "epoch": 4.0,
  "detailed_metrics": {
    "Negative": {
      "precision": 0.7661016949152543,
      "recall": 0.795774647887324,
      "f1-score": 0.7806563039723662,
      "support": 284.0
    },
    "Neutral": {
      "precision": 0.7231404958677686,
      "recall": 0.6055363321799307,
      "f1-score": 0.6591337099811676,
      "support": 289.0
    },
    "Positive": {
      "precision": 0.6707692307692308,
      "recall": 0.754325259515571,
      "f1-score": 0.7100977198697068,
      "support": 289.0
    },
    "accuracy": 0.7180974477958236,
    "macro avg": {
      "precision": 0.7200038071840845,
      "recall": 0.7185454131942753,
      "f1-score": 0.7166292446077468,
      "support": 862.0
    },
    "weighted avg": {
      "precision": 0.7197364180441125,
      "recall": 0.7180974477958236,
      "f1-score": 0.7162578579524996,
      "support": 862.0
    }
  },
  "total_samples": 862,
  "correct_predictions": 619,
  "confusion_matrix": [
    [
      226,
      25,
      33
    ],
    [
      40,
      175,
      74
    ],
    [
      29,
      42,
      218
    ]
  ]
}