{
  "eval_loss": 0.9623858332633972,
  "eval_accuracy": 0.7380116959064328,
  "eval_precision": 0.7421259157517569,
  "eval_recall": 0.7380116959064328,
  "eval_f1": 0.7368030637995324,
  "eval_runtime": 5.06,
  "eval_samples_per_second": 168.972,
  "eval_steps_per_second": 5.336,
  "epoch": 4.0,
  "detailed_metrics": {
    "Negative": {
      "precision": 0.8007968127490039,
      "recall": 0.7027972027972028,
      "f1-score": 0.7486033519553073,
      "support": 286.0
    },
    "Neutral": {
      "precision": 0.7186311787072244,
      "recall": 0.6702127659574468,
      "f1-score": 0.6935779816513762,
      "support": 282.0
    },
    "Positive": {
      "precision": 0.7067448680351907,
      "recall": 0.8397212543554007,
      "f1-score": 0.767515923566879,
      "support": 287.0
    },
    "accuracy": 0.7380116959064328,
    "macro avg": {
      "precision": 0.742057619830473,
      "recall": 0.7375770743700167,
      "f1-score": 0.7365657523911874,
      "support": 855.0
    },
    "weighted avg": {
      "precision": 0.7421259157517569,
      "recall": 0.7380116959064328,
      "f1-score": 0.7368030637995324,
      "support": 855.0
    }
  },
  "total_samples": 855,
  "correct_predictions": 631,
  "confusion_matrix": [
    [
      201,
      44,
      41
    ],
    [
      34,
      189,
      59
    ],
    [
      16,
      30,
      241
    ]
  ]
}