{
  "eval_loss": 0.9738751649856567,
  "eval_accuracy": 0.6979785969084423,
  "eval_precision": 0.7010555243138458,
  "eval_recall": 0.6979785969084423,
  "eval_f1": 0.6989315940407078,
  "eval_runtime": 4.9662,
  "eval_samples_per_second": 169.346,
  "eval_steps_per_second": 5.437,
  "epoch": 4.0,
  "detailed_metrics": {
    "Negative": {
      "precision": 0.7747035573122529,
      "recall": 0.7127272727272728,
      "f1-score": 0.7424242424242424,
      "support": 275.0
    },
    "Neutral": {
      "precision": 0.5782312925170068,
      "recall": 0.6028368794326241,
      "f1-score": 0.5902777777777778,
      "support": 282.0
    },
    "Positive": {
      "precision": 0.7517006802721088,
      "recall": 0.778169014084507,
      "f1-score": 0.7647058823529411,
      "support": 284.0
    },
    "accuracy": 0.6979785969084423,
    "macro avg": {
      "precision": 0.7015451767004562,
      "recall": 0.6979110554148013,
      "f1-score": 0.6991359675183205,
      "support": 841.0
    },
    "weighted avg": {
      "precision": 0.7010555243138458,
      "recall": 0.6979785969084423,
      "f1-score": 0.6989315940407078,
      "support": 841.0
    }
  },
  "total_samples": 841,
  "correct_predictions": 587,
  "confusion_matrix": [
    [
      196,
      69,
      10
    ],
    [
      49,
      170,
      63
    ],
    [
      8,
      55,
      221
    ]
  ]
}