{
  "eval_loss": 1.2952630519866943,
  "eval_accuracy": 0.5436781609195402,
  "eval_precision": 0.5985047313580423,
  "eval_recall": 0.5436781609195402,
  "eval_f1": 0.5447587277267715,
  "eval_runtime": 3.5029,
  "eval_samples_per_second": 248.365,
  "eval_steps_per_second": 3.997,
  "epoch": 4.0,
  "detailed_metrics": {
    "Negative": {
      "precision": 0.7213114754098361,
      "recall": 0.45517241379310347,
      "f1-score": 0.558139534883721,
      "support": 290
    },
    "Neutral": {
      "precision": 0.4330543933054393,
      "recall": 0.7137931034482758,
      "f1-score": 0.5390624999999999,
      "support": 290
    },
    "Positive": {
      "precision": 0.6411483253588517,
      "recall": 0.46206896551724136,
      "f1-score": 0.5370741482965932,
      "support": 290
    },
    "accuracy": 0.5436781609195402,
    "macro avg": {
      "precision": 0.5985047313580424,
      "recall": 0.5436781609195402,
      "f1-score": 0.5447587277267715,
      "support": 870
    },
    "weighted avg": {
      "precision": 0.5985047313580423,
      "recall": 0.5436781609195402,
      "f1-score": 0.5447587277267715,
      "support": 870
    }
  },
  "total_samples": 870,
  "correct_predictions": 473,
  "confusion_matrix": [
    [
      132,
      136,
      22
    ],
    [
      30,
      207,
      53
    ],
    [
      21,
      135,
      134
    ]
  ]
}