{
  "eval_loss": 1.8755931854248047,
  "eval_accuracy": 0.6735632183908046,
  "eval_precision": 0.6912159405745233,
  "eval_recall": 0.6735632183908046,
  "eval_f1": 0.6751824561419566,
  "eval_runtime": 3.6629,
  "eval_samples_per_second": 237.517,
  "eval_steps_per_second": 3.822,
  "epoch": 11.0,
  "detailed_metrics": {
    "Negative": {
      "precision": 0.8264840182648402,
      "recall": 0.6241379310344828,
      "f1-score": 0.7111984282907662,
      "support": 290
    },
    "Neutral": {
      "precision": 0.6382252559726962,
      "recall": 0.6448275862068965,
      "f1-score": 0.641509433962264,
      "support": 290
    },
    "Positive": {
      "precision": 0.6089385474860335,
      "recall": 0.7517241379310344,
      "f1-score": 0.6728395061728394,
      "support": 290
    },
    "accuracy": 0.6735632183908046,
    "macro avg": {
      "precision": 0.6912159405745233,
      "recall": 0.6735632183908046,
      "f1-score": 0.6751824561419566,
      "support": 870
    },
    "weighted avg": {
      "precision": 0.6912159405745233,
      "recall": 0.6735632183908046,
      "f1-score": 0.6751824561419566,
      "support": 870
    }
  },
  "total_samples": 870,
  "correct_predictions": 586,
  "confusion_matrix": [
    [
      181,
      51,
      58
    ],
    [
      21,
      187,
      82
    ],
    [
      17,
      55,
      218
    ]
  ]
}