{
  "eval_loss": 0.7192968130111694,
  "eval_accuracy": 0.7379310344827587,
  "eval_precision": 0.7404432848348126,
  "eval_recall": 0.7379310344827587,
  "eval_f1": 0.7356896237252449,
  "eval_runtime": 3.3362,
  "eval_samples_per_second": 260.779,
  "eval_steps_per_second": 4.196,
  "epoch": 3.0,
  "detailed_metrics": {
    "Negative": {
      "precision": 0.706060606060606,
      "recall": 0.803448275862069,
      "f1-score": 0.7516129032258064,
      "support": 290
    },
    "Neutral": {
      "precision": 0.759493670886076,
      "recall": 0.6206896551724138,
      "f1-score": 0.6831119544592031,
      "support": 290
    },
    "Positive": {
      "precision": 0.7557755775577558,
      "recall": 0.7896551724137931,
      "f1-score": 0.7723440134907251,
      "support": 290
    },
    "accuracy": 0.7379310344827587,
    "macro avg": {
      "precision": 0.7404432848348126,
      "recall": 0.7379310344827587,
      "f1-score": 0.7356896237252449,
      "support": 870
    },
    "weighted avg": {
      "precision": 0.7404432848348126,
      "recall": 0.7379310344827587,
      "f1-score": 0.7356896237252449,
      "support": 870
    }
  },
  "total_samples": 870,
  "correct_predictions": 642,
  "confusion_matrix": [
    [
      233,
      24,
      33
    ],
    [
      69,
      180,
      41
    ],
    [
      28,
      33,
      229
    ]
  ]
}