{
  "eval_loss": 1.4932218790054321,
  "eval_accuracy": 0.6298850574712643,
  "eval_precision": 0.6646334535480065,
  "eval_recall": 0.6298850574712643,
  "eval_f1": 0.6272208644713104,
  "eval_runtime": 3.3539,
  "eval_samples_per_second": 259.399,
  "eval_steps_per_second": 4.174,
  "epoch": 6.0,
  "detailed_metrics": {
    "Negative": {
      "precision": 0.791907514450867,
      "recall": 0.4724137931034483,
      "f1-score": 0.591792656587473,
      "support": 290
    },
    "Neutral": {
      "precision": 0.5388349514563107,
      "recall": 0.7655172413793103,
      "f1-score": 0.6324786324786325,
      "support": 290
    },
    "Positive": {
      "precision": 0.6631578947368421,
      "recall": 0.6517241379310345,
      "f1-score": 0.657391304347826,
      "support": 290
    },
    "accuracy": 0.6298850574712643,
    "macro avg": {
      "precision": 0.6646334535480065,
      "recall": 0.6298850574712643,
      "f1-score": 0.6272208644713105,
      "support": 870
    },
    "weighted avg": {
      "precision": 0.6646334535480065,
      "recall": 0.6298850574712643,
      "f1-score": 0.6272208644713104,
      "support": 870
    }
  },
  "total_samples": 870,
  "correct_predictions": 548,
  "confusion_matrix": [
    [
      137,
      105,
      48
    ],
    [
      20,
      222,
      48
    ],
    [
      16,
      85,
      189
    ]
  ]
}