{
  "eval_loss": 0.99046391248703,
  "eval_accuracy": 0.6241379310344828,
  "eval_precision": 0.6357820096971495,
  "eval_recall": 0.6241379310344828,
  "eval_f1": 0.6271327507282562,
  "eval_runtime": 3.4428,
  "eval_samples_per_second": 252.703,
  "eval_steps_per_second": 4.066,
  "epoch": 4.0,
  "detailed_metrics": {
    "Negative": {
      "precision": 0.7213114754098361,
      "recall": 0.6068965517241379,
      "f1-score": 0.6591760299625468,
      "support": 290
    },
    "Neutral": {
      "precision": 0.5147058823529411,
      "recall": 0.603448275862069,
      "f1-score": 0.5555555555555555,
      "support": 290
    },
    "Positive": {
      "precision": 0.6713286713286714,
      "recall": 0.6620689655172414,
      "f1-score": 0.6666666666666667,
      "support": 290
    },
    "accuracy": 0.6241379310344828,
    "macro avg": {
      "precision": 0.6357820096971495,
      "recall": 0.6241379310344827,
      "f1-score": 0.6271327507282564,
      "support": 870
    },
    "weighted avg": {
      "precision": 0.6357820096971495,
      "recall": 0.6241379310344828,
      "f1-score": 0.6271327507282562,
      "support": 870
    }
  },
  "total_samples": 870,
  "correct_predictions": 543,
  "confusion_matrix": [
    [
      176,
      86,
      28
    ],
    [
      49,
      175,
      66
    ],
    [
      19,
      79,
      192
    ]
  ]
}