{
  "eval_loss": 1.1562200784683228,
  "eval_accuracy": 0.667816091954023,
  "eval_precision": 0.6621467661398361,
  "eval_recall": 0.667816091954023,
  "eval_f1": 0.6622994652406416,
  "eval_runtime": 3.3394,
  "eval_samples_per_second": 260.524,
  "eval_steps_per_second": 4.192,
  "epoch": 5.0,
  "detailed_metrics": {
    "Negative": {
      "precision": 0.7096774193548387,
      "recall": 0.7586206896551724,
      "f1-score": 0.7333333333333333,
      "support": 290
    },
    "Neutral": {
      "precision": 0.5966386554621849,
      "recall": 0.4896551724137931,
      "f1-score": 0.5378787878787878,
      "support": 290
    },
    "Positive": {
      "precision": 0.6801242236024845,
      "recall": 0.7551724137931034,
      "f1-score": 0.7156862745098038,
      "support": 290
    },
    "accuracy": 0.667816091954023,
    "macro avg": {
      "precision": 0.662146766139836,
      "recall": 0.6678160919540229,
      "f1-score": 0.6622994652406416,
      "support": 870
    },
    "weighted avg": {
      "precision": 0.6621467661398361,
      "recall": 0.667816091954023,
      "f1-score": 0.6622994652406416,
      "support": 870
    }
  },
  "total_samples": 870,
  "correct_predictions": 581,
  "confusion_matrix": [
    [
      220,
      46,
      24
    ],
    [
      69,
      142,
      79
    ],
    [
      21,
      50,
      219
    ]
  ]
}